descripcion,precio,titulo
Hermosos Shih Tzu miniaturas de dos meses de edad vacunados y desparasitados listos para entregar el precio es fijo; Disponibles machos y hembras con sus vacunas al Día ideal para departamento o Mini departamento ya que son miniaturas; super juguetones y amigables con los niños para más información Preguntar antes de comprar.,"Agregar a favoritos,3 dólares con 50 centavos,;",Shihtzu Puros Miniaturas Valor 350
Lindos cachorritos Shih Tzu miniaturas de dos meses de edad; Machos y Hembras ya se encuentran con el carnet del médico veterinario al día; si deseas una raza miniatura para dentro del hogar y poder llevar a pasear en l cartera esta es tu Oportunidad; si desea más información estamos a la Orden.,"Agregar a favoritos,3 dólares con 50 centavos,;",Shihtzu Miniatura 350 Cada Uno
"Cachorritos Boston Terrier,Vacunados y desparacitados,Padres puros y a la vista,Quito Norte","Agregar a favoritos,250 dólares",Boston Terrier
ANTES DE DAR CLICK EN COMPRAR REALIZE TODAS LAS PREGUNTAS NECESARIAS; SI NO SE REALIZA LA VENTA EN 48 HORAS SE CALIFICARA NEGATIVAMENTE,"Agregar a favoritos,2 dólares con 20 centavos,;",Lindosss Husky Siberiano Envíos Y Entregas A Nivel Nacional
ENTREGA INMEDIATA. Lindos cachorritos cocker Spaniel Americanos 100% puros vacunados y desparasitados con Carnet de vacunas al día; ideales para familias ya que son cachorros de compañías para niños y adultos muy inteligentes; hay machos y hembras,"Agregar a favoritos,2 dólares con 60 centavos,;",Cocker Spaniel Americanos Precio 260
"Vendo 2 Pastor Alemán macho y hembra de 5 meses; guardianes.,Los perros están vacunados y desparacitados. Entrega en todo el país con una recargo de 20 usd.,Invierta en seguridad.,PERROS GUARDIANES.","Agregar a favoritos,500 dólares",Cachorros Pastor Alemán De 10 Meses; 1 Machos Y 1 Hembra.
"TE OFRECEMOS LOS PERRITOS SHIH TZU MÀS LINDOS Y PUROS; TE GARANTIZAMOS SU GENÈTICA; YA QUE SON HIJOS Y NIETOS DE CAMPEONES ARGENTINOS DE RAZA Y BELLEZA; TE LOS ENTREGAMOS EN CUALQUIER CIUDAD DEL PAÌS POR TRESCIENTOS CINCUENTA USD; VACUNADOS DESPARASITADOS PUESTOS LA PIPETA ANTIPULGAS Y CON CERTIFICADO DE PUREZA PARA GARANTIZARTELA,ADEMÀS DE LAS RECOMENDACIONES QUE NECESITAS PARA EL CUIDADO DE TU NUEVO BEBÈ Y CARACTERÌSTICAS DE LA RAZA POR ESCRITO PARA QUE SIGAS EL CRECIMIENTO DE TUS CACHORROS Y MIRES QUE SON TOTALMENTE PUROS,NO DUDES EN HACER TUS PREGUNTAS Y TU COMPRA SI ESTÀS DE ACUERDO CON EL PRECIO SUGERIDO PARA PODER ENVIARTE MÀS FOTOS Y VIDEOS DE LOS BEBITOS Y PAPÀS QUE SON CRIADOS EN CASA CON EL CARIÑO; AMOR Y CUIDADO QUE ELLOS NECESITAN PARA CRECER SANITOS DÒCILES Y CARIÑOSOS; NO TE LOS PIERDAS SON LOS MÀS LINDOS Y TE ALEGRARÀN LA VIDA","Agregar a favoritos,Calificación 5 de 5,1 dólar con 50 centavos,;,,Reportar,",Shih Tzu  Perritos Shitzu Puros Shihtzu Garantìa Y Pureza
Shnauzer miniatura de dos meses de edad vacunados y desparasitados listo para entregar; dispongo de macho y hembra si desea más información comunicarce conmigo por aquí; Los perritos son miniaturas para el mini departamento y para espacios pequeños super juguetones y cariñosos,"Agregar a favoritos,2 dólares con 30 centavos,;",Schnauzer Miniatura 230 Cada Uno
Lindos cachorritos Shih Tzu Puros y miniaturas de dos meses de edad; Machos y Hembras ya se encuentran con el carnet del médico veterinario al día; si deseas una raza miniatura para dentro del hogar y poder llevar a pasear en l cartera esta es tu Oportunidad; si desea más información estamos a la Orden.,"Agregar a favoritos,3 dólares con 50 centavos,;",Cachorros Shihtzu Puros Precio 350 Cada Uno
Hermosos cachorros beagle Tricolor hay machos y hembras; ya se encuentran vacunados desparasitados y vitaminados listo para entregar; la entrega se realiza aquí el Quitó el pago es el momento de la entrega; si tenemos entregas a otras ciudades en persona; para más información preguntar estamos a la orden.,"Agregar a favoritos,2 dólares con 30 centavos,;",Beagle Tricolor  Valor 330 Cada Uno
GOLDEN RETRIEVER MACHOS Y HEMBRAS; Están de dos meses de edad vacunados desparasitados y vitaminados lista para entregar; realizamos entregas personales en todo el país si desea más información no dude en escribirme; estamos GUSTOSOS de que uno de nuestros cachorritos formen parte de su familia.,"Agregar a favoritos,2 dólares con 50 centavos,;",Golden Retriever Valor 250
"TENEMOS PARA TI LOS MAS BELLOS EJEMPLARES DE SHIH TZU CON GARANTÌA DE PUREZA POR TRESCIENTOS CINCUENTA; SON SUPER ENANITOS ÑATOS Y PELUDITOS,MIRA LAS FOTOS SON REALES DE NUESTROS BEBÈS ; SÓLO PUBLICAMOS FOTOS AUTÈNTICAS DE NUESTROS CACHORROS,TE LOS ENTREGAMOS CERO VACUNADOS NUEVE DESPARASITADOS OCHO INTERNA Y EXTERNAMENTE CINCUENTA CON SETENTA SU CUATRO PIPETA 18 ANTIPULGAS,Y CERTIFICADO DE PUREZA PARA GARANTIZARTELA,ADEMÀS DE LAS RECOMENDACIONES QUE NECESITAS PARA EL CUIDADO DE TU NUEVO BEBÈ Y CARACTERÌSTICAS DE LA RAZA POR ESCRITO PARA QUE SIGAS EL CRECIMIENTO DE TUS CACHORROS Y MIRES QUE SON TOTALMENTE PUROS,TE LOS ENVIAMOS A CUALQUIER CIUDAD DEL PAIS VÌA FURGONETA GARANTIZANDO QUE LOS PERRITOS LLEGAN EN PERFECTAS CONDICIONES,ASÌ QUE NO DUDES EN HACER TUS PREGUNTAS Y TU COMPRA SIN COMPROMISO PARA PODER ENVIARTE MÀS FOTOS Y VIDEOS DE LOS BEBITOS Y PAPÀS QUE SON CRIADOS EN CASA CON EL CARIÑO; AMOR Y CUIDADO QUE ELLOS NECESITAN PARA CRECER SANITOS DÒCILES Y CARIÑOSOS; NO TE LOS PIERDAS SON LOS MÀS LINDOS Y TE ALEGRARÀN LA VIDA","Agregar a favoritos,Calificación 5 de 5,1 dólar,,Reportar,",Shitzu Cachorro De Excelente Genètica Pureza Garantizada
Hermosos cachorros schnauzer sal pimientas puros; Lindos cachorritos de dos meses de edad vacunados y desparasitados listos para entregar ya cuentan con carnet de vacunas al día; para mayor información realizar todas las preguntas antes de comprar. Para compras inmediatas darle clip a comprar,"Agregar a favoritos,2 dólares con 30 centavos,;",Schnauzer Miniaturas Puros 230 Cada Uno
Hermoso cachorro Salchichas Teckel miniatura; Se encuentran de tres meses de edad vacunado desparasitado y vitaminado con el carnet del médico veterinario al día. Macho,"Agregar a favoritos,2 dólares",Cachorros Salchicha Miniaturas Precio 200
",CL: 0963630663,EN QUITO Y ALREDEDORES ENTREGA SIN COSTO ADICIONAL,,CADA CACHORRO TIENE UN VALOR DE $200,MACHOS,HEMBRAS,DE DOS MESE DE EDAD,PADRE Y MADRE PUROS,YA ESTAN VACUNADOS Y,DESPARASITADOS,YA COMEN SOLO CROQUETAS,SE LES DESTETO HACE 15 DIAS,TOTALMENTE SANOS Y,BIEN CUIDADOS","Agregar a favoritos,1 dólar",Ofrezco Cada Cachorro Schnauzer Minitoy En200
"GOLDEN RETRIEVER cachorros de dos meses de edad; son puros;  Disponemos de hembras y machos; vacunados desparasitados y vitaminados listos para entregar; se le entrega con su respectivo carnet de vacunas.,Los cachorritos ya comen croquetas; están vitaminados y se les colocó la pipeta anti pulgas por lo que son muy saludables; tienen un pelaje muy bonito; son súper juguetones y ya son independientes de sus padres por lo que están listos para formar parte de una familia.","Agregar a favoritos,2 dólares con 30 centavos,;",Golden Retriever  230 Cada Uno
"TE OFRECEMOS LOS PERRITOS SHIH TZU MÀS LINDOS Y PUROS; TE GARANTIZAMOS SU GENÈTICA; YA QUE SON HIJOS Y NIETOS DE CAMPEONES ARGENTINOS DE RAZA Y BELLEZA; TE LOS ENTREGAMOS EN CUALQUIER CIUDAD DEL PAÌS POR TRESCIENTOS CINCUENTA USD; VACUNADOS DESPARASITADOS PUESTOS LA PIPETA ANTIPULGAS Y CON CERTIFICADO DE PUREZA PARA GARANTIZARTELA ALCERO NUEVE OCHO CINCUENTA SETENTA CUATRO DIECIOCHO ADEMÀS DE LAS RECOMENDACIONES QUE NECESITAS PARA EL CUIDADO DE TU NUEVO BEBÈ Y CARACTERÌSTICAS DE LA RAZA POR ESCRITO PARA QUE SIGAS EL CRECIMIENTO DE TUS CACHORROS Y MIRES QUE SON TOTALMENTE PUROS,NO DUDES EN HACER TUS PREGUNTAS Y TU COMPRA SI ESTÀS DE ACUERDO CON EL PRECIO SUGERIDO PARA PODER ENVIARTE MÀS FOTOS Y VIDEOS DE LOS BEBITOS Y PAPÀS QUE SON CRIADOS EN CASA CON EL CARIÑO; AMOR Y CUIDADO QUE ELLOS NECESITAN PARA CRECER SANITOS DÒCILES Y CARIÑOSOS; NO TE LOS PIERDAS SON LOS MÀS LINDOS Y TE ALEGRARÀN LA VIDA","Agregar a favoritos,1 dólar con 50 centavos,;",Cachorritos Shih Tzu Puros Y Lindos 350 Mini Toy Shitzu
"Cachorros Cocker Spaniel Ingles con Pedigree,Calidad extrema,Padre y Madre Importados sangre de Portugal y Cuba.,Disponible machos y hembras,Entrego con su pedigree; implantados su respectivo microchip y su carnet de vacunas y desparasitaciones al día.,Solo personas interesadas,OJO NO DAR CLICK EN COMPRAR SIN HABER REALIZADO SUS PREGUNTAS ANTES.,YA QUE SERÁ CALIFICADOS NEGATIVO,Preguntas incoherentes serán eliminas y bloqueadas!","Agregar a favoritos,8 dólares con 20 centavos,;",Cocker Spaniel Ingles Con Pedigree
Preciosas cachorritas bulldog frances listas parabir a un nuevo hogar; vacunadas y desparasitadas ubicados en la. Ciudad de Guayaquil,"Agregar a favoritos,1 dólar",Bulldog Frances Hembra 550
"Hermosos cachorros Boston Terrier,Exelente Genética,Vacunas y desparacitaciones al día,Certificado de salud,Padres a la vista","Agregar a favoritos,450 dólares",Boston Terrier
Están de dos meses de edad vacunados desparasitados y vitaminados listas para entregar; realizamos entregas personales en todo el país si desea más información no dude en escribirme; estamos GUSTOSOS de que uno de nuestros cachorritos formen parte de su familia.,"Agregar a favoritos,3 dólares con 50 centavos,;",Golden Retriever Puros Garantizados 250 Valor
"Lindos beagle de dos meses de edad; machos y hembras,Se entregan con el carnet de vacunas al día. Ya están comiendo solos; son independientes de su madre y están listos para formar parte de una nueva familia. La entrega es a domicilio en la ciudad de Quito; se realizan envíos a todas las provincias.","Agregar a favoritos,3 dólares con 50 centavos,;",Cachorros Beagle
"Cachorros beagle,Vacunado y desparasitado,Entrega personal o envío a diferentes ciudades del país","Agregar a favoritos,2 dólares con 95 centavos,;",Cachorros Beagle Cuenca 295
"MI NU;ME.R0 SE ENCUENTRA EN LA PARTE DE:,COLOR DEL PELAJE; Y EN,EDAD; EN LA SECCION,VER TODAS LAS CARACTERISTICAS,,Dos machos y una hembra disponibles,Para entrega inmediata,Con dos meses de edad ya cumplidos,Los cachorros estan criados en un ambiente familiar,Se entregan desparasitados y vacunados con su carnet de control,Hijos de padres doberman pinscher minitoy 100% puros,Están comiendo solo croquetas,Cada cachorro tiene un costo de 250 USD","Agregar a favoritos,1 dólar",Cachorros Doberman Pinscher Mini Cada Uno A250
"Hermosos cachorros shitzu tricolor minitoy patitas cortas,""""CALIDAD PREMIUM """"""lo mejor de lo mejor,Se entrega con sus vacunas al día con su cartilla veterinario al dia..,Desparasitados...,Garantía de pureza de por vida,ACEPTAMOS TARJETA DE CRÉDITO,EMVIOS A NIVEL NACIONAL","Agregar a favoritos,329 dólares",Hermosos Shitzu Tricolor Minitoy Grantizados
No pierdas 10 % de DESCUENTO TODO EL MES DE FEBRERO                          GOLDEN RETRIEVER MACHOS y HEMBRAS; Están de dos meses de edad vacunados desparasitados y vitaminados listas para entregar; realizamos entregas personales en todo el país si desea más información no dude en escribirme; estamos GUSTOSOS de que uno de nuestros cachorritos formen parte de su familia.,"Agregar a favoritos,2 dólares con 50 centavos,;",Cachorros Golden Retriever Precio 250
"hermosos shitzu Tricolor ....,totalmente puros....,super peluditos chatitos....,ya están independientes de su madre..,comen croquetas de cachorros.....,se encuentran ;,vacunados ....,desparacitados...,con su respectiva cartilla veterinaria al día......,realizamos entregas personales en quito sin recargo.... envíos a todas las ciudades del país con todas las garantías del caso...,ACEPTAMOS TARJETAS DE Crédito","Agregar a favoritos,349 dólares",Shitzu Tricolor Minitoy Exclusivos Para Departamento
"MI NU;ME.R0 SE ENCUENTRA EN LA PARTE DE:,COLOR DEL PELAJE; Y EN,EDAD; EN LA SECCION,VER TODAS LAS CARACTERISTICAS,,Dos machos y una hembra disponibles,Para entrega inmediata,Con dos meses de edad ya cumplidos,Los cachorros estan criados en un ambiente familiar,Se entregan desparasitados y vacunados con su carnet de control,Hijos de padres akita 100% puros,Están comiendo solo croquetas,Cada cachorro tiene un costo de 350 USD","Agregar a favoritos,1 dólar",Cachorros Akita Americano Cada Uno A 350
"TE OFRECEMOS LOS PERRITOS CHIHUAHUA MÀS LINDOS Y PUROS; TE GARANTIZAMOS SU GENÈTICA; SUS PADRES SON MINI CABEZA DE MANZANA TE LOS ENTREGAMOS EN CUALQUIER CIUDAD DEL PAÌS POR CUATROCIENTOS CINCUENTA USD; VACUNADOS DESPARASITADOS PUESTOS LA PIPETA ANTIPULGAS Y CON CERTIFICADO DE PUREZA PARA GARANTIZARTELA,ADEMÀS DE LAS RECOMENDACIONES QUE NECESITAS PARA EL CUIDADO DE TU NUEVO BEBÈ Y CARACTERÌSTICAS DE LA RAZA POR ESCRITO PARA QUE SIGAS EL CRECIMIENTO DE TUS CACHORROS Y MIRES QUE SON TOTALMENTE PUROS,NO DUDES EN HACER TUS PREGUNTAS Y TU COMPRA SI ESTÀS DE ACUERDO CON EL PRECIO SUGERIDO PARA PODER ENVIARTE MÀS FOTOS Y VIDEOS DE LOS BEBITOS Y PAPÀS QUE SON CRIADOS EN CASA CON EL CARIÑO; AMOR Y CUIDADO QUE ELLOS NECESITAN PARA CRECER SANITOS DÒCILES Y CARIÑOSOS; NO TE LOS PIERDAS SON LOS MÀS LINDOS Y TE ALEGRARÀN LA VIDA","Agregar a favoritos,2 dólares",Bellos Cachorros Chihuahua 450 Puros Miniatura
Hermosos cachorros Salchichas Teckel miniatura; Se encuentran de dos meses de edad vacunados desparasitados y vitaminados con el carnet del médico veterinario al día; Disponibles Machos y Hembras.,"Agregar a favoritos,3 dólares con 50 centavos,;",Cachorros Salchicha Teckel Miniatura Valor 200
Lindos cachorritos pug carlino de dos meses de edad; se entregan con el carnet de vacunas al día. Dispongo de hembras y machos.  Realizo entregas a domicilio sin costo en Quito; envíos a todas las provincias del Ecuador y entregas personalizadas puerta a puerta.,"Agregar a favoritos,3 dólares con 50 centavos,;",Lindos Cachorros Pug Carlino
"Hermosos Cachorros Labrador Retriever línea inglesa puros padres con registro se encuentran con dos vacunas y desparasitaciones; tienen 2 meses y medio. Puede venirlos a conocer sin ningún problema. Las fotos son reales.,Labrador negro: 280,Labrador chocolate: 350,El carácter del labrador inglés es toda una delicia; ya que es un perro amistoso y juguetón; que adora dar y recibir cariño. Está considerado como un excelente perro niñera porque le apasionan los niños; ya sean niños humanos o cachorros de cualquier animal. Además; suele llevarse genial con otros perros.,Las entregas son personales en la ciudad de Quito o se realiza entregas garantizadas a otras provincias. Usted recibe el cachorro y paga ese momento; no pedimos adelanto del valor del cachorro antes de que usted lo reciba. El costo de movilización varía según la distancia.","Agregar a favoritos,2 dólares con 80 centavos,;",Labrador Retriever Línea Inglesa Chocolates Y Negros
Preciosa cachorrita american bully padre importado; hija de jagger y nieta de elpity; sangre elite; excelente calidad estamos ubicados en la ciudad de Guayaquil; no económica.,"Agregar a favoritos,2 dólares",American Bully Blue Tri Hembra 2 Meses 950
