id,pregunta
[0],Google API optimizeTours: does not returns optimized route
[1],How to convert little endian PCM audio samples to big endian
[2],API speed limits permission [closed]
[3],Tkinter ScrolledText search() function not working beyond the first line
[4],PHP Runner - Need Approval Id and Email Alert
[5],Rails Omniauth with custom OAuth2 raises csrf_detected when not signed in
[6],Pimcore Demo Project Navbar Style and JS not woring
[7],Ducktape rust to c compiler via assembly?
[8],Cross Platform build fails with undefined reference
[9],How to impose not null on a multivalued attribute?
[10],How to add required field blank field in serializers?
[11],Append dataframe in pandas alternatives
[12],Flutter App Bundle Build Failed (FAILURE: Build failed with an exception)
[13],Trying to solve this for an hour. Please help me [closed]
[14],Pass object as argument to global proc in MEL
[15],Gunicorn ModuleNotFoundError: No module named 'wsgi'
[16],Bun CommonJS and ESM conflict in Express Routes
[17],How can I scp from my ec2 instance to my locals machine by running scp on the ec2 instance?
[18],Back button from child view not working SwiftUI NavigationStack
[19],change color of cell based on difference between two dates
[20],How to absolutely position SVG's behind an image in responsive manner with Tailwind?
[21],How can I transition between forms in Java Netbeans? I'm facing issues with this
[22],Custom Multi Lookup LWC - Refresh Page After Record Edit -> Save
[23],react-native-vision-camera set photo orientation to landscape
[24],Speed up by eliminating slightly complicated double loops in python (advance. Parallelization)
[25],"Why am I getting ""no overload matches this call"" using ""useInfiniteQuery"" with React?"
[26],"When using scala in vs-code, using ""metals"", how do I set working directory?"
[27],Not able to use px.timeline in streamlit - working in google collab
[28],Unable to Axios call dynamic API endpoint in Vue
[29],How to copy data from one spreadsheet to other in rust?
[30],unity c# OnCollisionEnter() sometimes works and sometimes not
[31],Customization default Event
[32],How to install select2 in Symfony 6
[33],Discrepancy in Confidence Intervals using plot() vs. ggplot2
[34],is there a specific way to run a github project in linux
[35],Cpanel Account Running Inside WordPress Hosting Website
[36],Google OR Tools - The Idea to Sort IntVar
[37],How to prevent rebuilding of dependency in CMake?
[38],How can I inspect the shadow DOM of native controls in Chrome developer tools?
[39],Docker Desktop 4.24.2 fails install . Component CommunityInstaller.EnableFeaturesAction failed:
[40],Web Speech API - Is there a way to identify and define unique voices?
[41],Every connected graph with 8 or fewer edges is planar
[42],"How to prevent Firebase Query Crash, EXC_BAD_ACCESS (KERN_INVALID_ADDRESS) on App Startup?"
[43],Verifying WhatsApp API post request in Rails
[44],How to make HStack with .frame(maxWidth: .infinity) fill equally?
[45],Angular subcomponent severs table header from table rows
[46],How to download an xlsx file in Blob format using a direct link and then save it in the store in React?
[47],Calling putImageData from C++ wasm
[48],Send row count of a table in Oozie success email
[49],Traefik Ingress + Metal LB does not allow me to show dashboard on domain name
